{"cameraMode":{"drawMode":0,"name":"Shaded","section":"Shading Mode"},"sceneLighting":false,"audioPlay":false,"sceneViewState":{"showFog":false,"showMaterialUpdate":false,"showSkybox":false,"showFlares":false,"showImageEffects":false,"showParticleSystems":false},"in2DMode":false,"pivot":{"x":0.15542471408843995,"y":0.22000527381896974,"z":-0.0038579702377319338},"rotation":{"x":0.20812980830669404,"y":0.37445467710494997,"z":-0.08664651960134506,"w":0.8994326591491699},"size":0.6073950529098511,"orthographic":false}