{"cameraMode":{"drawMode":0,"name":"Shaded","section":"Shading Mode"},"sceneLighting":false,"audioPlay":false,"sceneViewState":{"showFog":false,"showMaterialUpdate":false,"showSkybox":false,"showFlares":false,"showImageEffects":false,"showParticleSystems":false},"in2DMode":false,"pivot":{"x":1.3233246803283692,"y":4.821206092834473,"z":5.466883659362793},"rotation":{"x":0.19460946321487428,"y":0.4092181921005249,"z":-0.08979478478431702,"w":0.8869213461875916},"size":6.570245742797852,"orthographic":false}