{"cameraMode":{"drawMode":0,"name":"Shaded","section":"Shading Mode"},"sceneLighting":false,"audioPlay":false,"sceneViewState":{"showFog":false,"showMaterialUpdate":false,"showSkybox":false,"showFlares":false,"showImageEffects":false,"showParticleSystems":false},"in2DMode":false,"pivot":{"x":29.459861755371095,"y":0.961186408996582,"z":6.3353376388549809},"rotation":{"x":0.13414230942726136,"y":-0.8578231334686279,"z":0.2818004786968231,"w":0.4083569347858429},"size":2.096055269241333,"orthographic":false}