{"cameraMode":{"drawMode":0,"name":"Shaded","section":"Shading Mode"},"sceneLighting":false,"audioPlay":false,"sceneViewState":{"showFog":false,"showMaterialUpdate":false,"showSkybox":false,"showFlares":false,"showImageEffects":false,"showParticleSystems":false},"in2DMode":false,"pivot":{"x":0.000299990177154541,"y":0.02399998903274536,"z":0.0},"rotation":{"x":0.14194774627685548,"y":0.03117559663951397,"z":-0.004472832661122084,"w":0.989372968673706},"size":1.301504373550415,"orthographic":false}