{"cameraMode":{"drawMode":0,"name":"Shaded","section":"Shading Mode"},"sceneLighting":false,"audioPlay":false,"sceneViewState":{"showFog":false,"showMaterialUpdate":false,"showSkybox":false,"showFlares":false,"showImageEffects":false,"showParticleSystems":false},"in2DMode":false,"pivot":{"x":20.110000610351564,"y":3.496000289916992,"z":-8.64000129699707},"rotation":{"x":0.19582554697990418,"y":-0.054085053503513339,"z":0.010866512544453144,"w":0.9791333079338074},"size":14.306739807128907,"orthographic":false}