{"cameraMode":{"drawMode":0,"name":"Shaded","section":"Shading Mode"},"sceneLighting":true,"audioPlay":false,"sceneViewState":{"showFog":false,"showMaterialUpdate":false,"showSkybox":false,"showFlares":false,"showImageEffects":false,"showParticleSystems":false},"in2DMode":false,"pivot":{"x":20.550037384033204,"y":15.869532585144043,"z":-3.603400945663452},"rotation":{"x":-0.07155872136354447,"y":-0.5444723963737488,"z":-0.046608004719018939,"w":0.8344786167144775},"size":0.9727974534034729,"orthographic":false}