{"cameraMode":{"drawMode":0,"name":"Shaded","section":"Shading Mode"},"sceneLighting":false,"audioPlay":false,"sceneViewState":{"showFog":false,"showMaterialUpdate":false,"showSkybox":false,"showFlares":false,"showImageEffects":false,"showParticleSystems":false},"in2DMode":false,"pivot":{"x":-4.010471343994141,"y":1.6724905967712403,"z":10.546304702758789},"rotation":{"x":0.15464775264263154,"y":0.03999953716993332,"z":-0.006264334544539452,"w":0.9871500134468079},"size":4.199982166290283,"orthographic":false}