{"cameraMode":{"drawMode":0,"name":"Shaded","section":"Shading Mode"},"sceneLighting":false,"audioPlay":false,"sceneViewState":{"showFog":false,"showMaterialUpdate":false,"showSkybox":false,"showFlares":false,"showImageEffects":false,"showParticleSystems":false},"in2DMode":false,"pivot":{"x":33.876014709472659,"y":5.46732234954834,"z":-3.6340794563293459},"rotation":{"x":0.2511169910430908,"y":-0.06383173167705536,"z":0.016600405797362329,"w":0.9657176733016968},"size":1.2297556400299073,"orthographic":false}