{"cameraMode":{"drawMode":0,"name":"Shaded","section":"Shading Mode"},"sceneLighting":false,"audioPlay":false,"sceneViewState":{"showFog":false,"showMaterialUpdate":false,"showSkybox":false,"showFlares":false,"showImageEffects":false,"showParticleSystems":false},"in2DMode":false,"pivot":{"x":30.9281005859375,"y":1.170334815979004,"z":6.645184516906738},"rotation":{"x":0.16843491792678834,"y":-0.49163466691970827,"z":0.09756286442279816,"w":0.8487862944602966},"size":2.1851391792297365,"orthographic":false}