{"cameraMode":{"drawMode":0,"name":"Shaded","section":"Shading Mode"},"sceneLighting":false,"audioPlay":false,"sceneViewState":{"showFog":false,"showMaterialUpdate":false,"showSkybox":false,"showFlares":false,"showImageEffects":false,"showParticleSystems":false},"in2DMode":false,"pivot":{"x":2.680000066757202,"y":1.9700000286102296,"z":12.120638847351075},"rotation":{"x":0.08120928704738617,"y":0.6759143471717835,"z":-0.07533614337444306,"w":0.7286084890365601},"size":1.9559460878372193,"orthographic":false}