{"cameraMode":{"drawMode":0,"name":"Shaded","section":"Shading Mode"},"sceneLighting":true,"audioPlay":false,"sceneViewState":{"showFog":false,"showMaterialUpdate":false,"showSkybox":false,"showFlares":false,"showImageEffects":false,"showParticleSystems":false},"in2DMode":false,"pivot":{"x":30.566001892089845,"y":14.68649959564209,"z":-0.49500083923339846},"rotation":{"x":0.0786505714058876,"y":-0.23315167427062989,"z":0.019014058634638788,"w":0.9691157341003418},"size":56.62483215332031,"orthographic":false}