{"cameraMode":{"drawMode":0,"name":"Shaded","section":"Shading Mode"},"sceneLighting":false,"audioPlay":false,"sceneViewState":{"showFog":false,"showMaterialUpdate":false,"showSkybox":false,"showFlares":false,"showImageEffects":false,"showParticleSystems":false},"in2DMode":false,"pivot":{"x":4.595521926879883,"y":22.140396118164064,"z":-2.278850555419922},"rotation":{"x":0.22825786471366883,"y":-0.15692220628261567,"z":0.03730757534503937,"w":0.9601564407348633},"size":73.08457946777344,"orthographic":false}