{"cameraMode":{"drawMode":0,"name":"Shaded","section":"Shading Mode"},"sceneLighting":false,"audioPlay":false,"sceneViewState":{"showFog":false,"showMaterialUpdate":false,"showSkybox":false,"showFlares":false,"showImageEffects":false,"showParticleSystems":false},"in2DMode":false,"pivot":{"x":29.660001754760743,"y":30.399991989135743,"z":8.209996223449707},"rotation":{"x":0.16512338817119599,"y":0.5827153921127319,"z":-0.12237498164176941,"w":0.7862730026245117},"size":1.2297550439834595,"orthographic":false}