{"cameraMode":{"drawMode":0,"name":"Shaded","section":"Shading Mode"},"sceneLighting":false,"audioPlay":false,"sceneViewState":{"showFog":false,"showMaterialUpdate":false,"showSkybox":false,"showFlares":false,"showImageEffects":false,"showParticleSystems":false},"in2DMode":false,"pivot":{"x":40.87203598022461,"y":8.62932300567627,"z":-26.053129196166993},"rotation":{"x":0.17435811460018159,"y":0.6771242618560791,"z":-0.17001678049564362,"w":0.6944213509559631},"size":1.9209926128387452,"orthographic":false}