{"cameraMode":{"drawMode":0,"name":"Shaded","section":"Shading Mode"},"sceneLighting":false,"audioPlay":false,"sceneViewState":{"showFog":false,"showMaterialUpdate":false,"showSkybox":false,"showFlares":false,"showImageEffects":false,"showParticleSystems":false},"in2DMode":false,"pivot":{"x":0.32846248149871828,"y":2.4065914154052736,"z":2.163257598876953},"rotation":{"x":0.22043029963970185,"y":0.18622493743896485,"z":-0.04291675239801407,"w":0.9565026760101318},"size":2.1073949337005617,"orthographic":false}