{"cameraMode":{"drawMode":0,"name":"Shaded","section":"Shading Mode"},"sceneLighting":false,"audioPlay":false,"sceneViewState":{"showFog":false,"showMaterialUpdate":false,"showSkybox":false,"showFlares":false,"showImageEffects":false,"showParticleSystems":false},"in2DMode":false,"pivot":{"x":1.7499747276306153,"y":5.2512359619140629,"z":9.300451278686524},"rotation":{"x":-0.12708589434623719,"y":-0.03272610902786255,"z":-0.004195196554064751,"w":0.9913443922996521},"size":3.6000168323516847,"orthographic":false}