{"cameraMode":{"drawMode":0,"name":"Shaded","section":"Shading Mode"},"sceneLighting":false,"audioPlay":false,"sceneViewState":{"showFog":false,"showMaterialUpdate":false,"showSkybox":true,"showFlares":false,"showImageEffects":false,"showParticleSystems":false},"in2DMode":false,"pivot":{"x":31.83064842224121,"y":-2.2542057037353517,"z":-3.845248222351074},"rotation":{"x":0.27379876375198367,"y":-0.3553139865398407,"z":0.10968588292598725,"w":0.8870188593864441},"size":6.188138961791992,"orthographic":false}