{"cameraMode":{"drawMode":0,"name":"Shaded","section":"Shading Mode"},"sceneLighting":false,"audioPlay":false,"sceneViewState":{"showFog":false,"showMaterialUpdate":false,"showSkybox":false,"showFlares":false,"showImageEffects":false,"showParticleSystems":false},"in2DMode":false,"pivot":{"x":-2.0429306030273439,"y":-4.076221942901611,"z":0.5618686676025391},"rotation":{"x":0.16512338817119599,"y":0.5827153921127319,"z":-0.12237498164176941,"w":0.7862730026245117},"size":8.98561954498291,"orthographic":false}